code,name,source,confidence,logo_url,origin_url,note
OU,Trường Đại học Mở Thành phố Hồ Chí Minh,grounding,high,https://rxhcmmggzodoapyjxcug.supabase.co/storage/v1/object/public/school-logos/OU.png,https://upload.wikimedia.org/wikipedia/vi/b/b2/Logo_%C4%90%E1%BA%A1i_h%E1%BB%8Dc_M%E1%BB%9F_TPHCM.png,
TDTU,Trường Đại học Tôn Đức Thắng,grounding,high,https://rxhcmmggzodoapyjxcug.supabase.co/storage/v1/object/public/school-logos/TDTU.png,https://upload.wikimedia.org/wikipedia/vi/thumb/1/1b/T%C4%90T_logo.png/250px-T%C4%90T_logo.png,
VLU,Trường Đại học Văn Lang,grounding,high,https://rxhcmmggzodoapyjxcug.supabase.co/storage/v1/object/public/school-logos/VLU.svg,https://www.vlu.edu.vn/_next/static/media/logo.8e5334db.svg,
AEP,Học viện Chính sách và Phát triển,grounding,high,https://rxhcmmggzodoapyjxcug.supabase.co/storage/v1/object/public/school-logos/AEP.jpg,https://tuyensinh.apd.edu.vn/wp-content/uploads/2023/12/logo-apd-300x300.jpg,
ANH,Học viện An ninh Nhân dân,grounding,high,https://rxhcmmggzodoapyjxcug.supabase.co/storage/v1/object/public/school-logos/ANH.png,https://hvannd.edu.vn/storage/logo/main-logo.png,
BTU,Trường Đại học Bình Dương,grounding,high,https://rxhcmmggzodoapyjxcug.supabase.co/storage/v1/object/public/school-logos/BTU.png,https://bdu.edu.vn/uploads/logo-bdu-2024.png,
BVH,Học viện Công nghệ Bưu chính Viễn thông,grounding,high,https://rxhcmmggzodoapyjxcug.supabase.co/storage/v1/object/public/school-logos/BVH.png,https://ptit.edu.vn/wp-content/uploads/2024/05/logo-white-circle.png,
CSH,Học viện Cảnh sát Nhân dân,grounding,high,https://rxhcmmggzodoapyjxcug.supabase.co/storage/v1/object/public/school-logos/CSH.webp,https://cdn.hvcsnd.edu.vn/uploads/2026/06/17/9/logo-tb-1781660700.jpg?w=400&h=240&q=75&f=6&s=zqyg4cs0wmg,
CTS,Trường Đại học Cần Thơ,grounding,high,https://rxhcmmggzodoapyjxcug.supabase.co/storage/v1/object/public/school-logos/CTS.png,https://www.ctu.edu.vn/images/upload/logo.png,
DAG,Trường Đại học An Giang - Đại học Quốc gia Thành phố Hồ Chí Minh,grounding,high,https://rxhcmmggzodoapyjxcug.supabase.co/storage/v1/object/public/school-logos/DAG.png,https://career.gpo.vn/uploads/images/10202010/logocarreer.png,
DBH,Trường Đại học Bách khoa - Đại học Quốc gia Thành phố Hồ Chí Minh,none,,,,
DBS,Trường Đại học Kinh tế Thành phố Hồ Chí Minh,none,,,,
DCN,Trường Đại học Công nghiệp Hà Nội,grounding,high,https://rxhcmmggzodoapyjxcug.supabase.co/storage/v1/object/public/school-logos/DCN.png,https://vi.wikipedia.org/static/images/icons/wikipedia.png,
DCT,Trường Đại học Công nghiệp Thực phẩm Thành phố Hồ Chí Minh,grounding,high,https://rxhcmmggzodoapyjxcug.supabase.co/storage/v1/object/public/school-logos/DCT.jpg,https://congdankhuyenhoc.qltns.mediacdn.vn/zoom/600_315/449484899827462144/2023/7/1/truong-dh-cong-nghiep-thuc-pham-tphcm-diem-chuan-hoc-phi-nganh-dao-tao-thong-tin-tuyen-sinh-1688192837328964719753-229-0-1067-1600-crop-16881929172761971907084.jpg,
DDL,Trường Đại học Điện lực,grounding,high,https://rxhcmmggzodoapyjxcug.supabase.co/storage/v1/object/public/school-logos/DDL.svg,https://epu.edu.vn/ContentV2/images/logo-footer1.svg,
DDT,Trường Đại học Duy Tân,grounding,high,https://rxhcmmggzodoapyjxcug.supabase.co/storage/v1/object/public/school-logos/DDT.png,https://upload.wikimedia.org/wikipedia/commons/thumb/a/a6/Logo_Duy_Tan_University.png/250px-Logo_Duy_Tan_University.png,
DED,Trường Đại học Sư phạm - Đại học Đà Nẵng,grounding,high,https://rxhcmmggzodoapyjxcug.supabase.co/storage/v1/object/public/school-logos/DED.png,https://upload.wikimedia.org/wikipedia/vi/thumb/2/28/Logo_Tr%C6%B0%E1%BB%9Dng_%C4%90%E1%BA%A1i_h%E1%BB%8Dc_S%C6%B0_ph%E1%BA%A1m%2C_%C4%90%E1%BA%A1i_h%E1%BB%8Dc_%C4%90%C3%A0_N%E1%BA%B5ng.svg/1280px-Logo_Tr%C6%B0%E1%BB%9Dng_%C4%90%E1%BA%A1i_h%E1%BB%8Dc_S%C6%B0_ph%E1%BA%A1m%2C_%C4%90%E1%BA%A1i_h%E1%BB%8Dc_%C4%90%C3%A0_N%E1%BA%B5ng.svg.png,
DFL,Trường Đại học Ngoại ngữ - Đại học Đà Nẵng,grounding,high,https://rxhcmmggzodoapyjxcug.supabase.co/storage/v1/object/public/school-logos/DFL.png,https://ufl.udn.vn/img/uploads/DHNN/Home/gioithieu/dhnn_logo_2015.png,
DGD,Trường Đại học Công nghiệp Thành phố Hồ Chí Minh,grounding,high,https://rxhcmmggzodoapyjxcug.supabase.co/storage/v1/object/public/school-logos/DGD.jpg,https://vnur.vn/wp-content/uploads/2023/01/11.Cong-nghiep-TP.HCM_.jpg,
DHA,Trường Đại học Luật - Đại học Huế,grounding,high,https://rxhcmmggzodoapyjxcug.supabase.co/storage/v1/object/public/school-logos/DHA.png,https://hul.edu.vn/bundles/web/assets/images/logo.png,
DHF,Trường Đại học Ngoại ngữ - Đại học Huế,none,,,,
DHK,Trường Đại học Khoa học Tự nhiên - Đại học Quốc gia Thành phố Hồ Chí Minh,grounding,high,https://rxhcmmggzodoapyjxcug.supabase.co/storage/v1/object/public/school-logos/DHK.png,https://upload.wikimedia.org/wikipedia/vi/thumb/c/ca/Tr%C6%B0%E1%BB%9Dng_%C4%90%E1%BA%A1i_h%E1%BB%8Dc_Khoa_h%E1%BB%8Dc_T%E1%BB%B1_nhi%C3%AAn%2C_%C4%90%E1%BA%A1i_h%E1%BB%8Dc_Qu%E1%BB%91c_gia_Th%C3%A0nh_ph%E1%BB%91_H%E1%BB%93_Ch%C3%AD_Minh.svg/1280px-Tr%C6%B0%E1%BB%9Dng_%C4%90%E1%BA%A1i_h%E1%BB%8Dc_Khoa_h%E1%BB%8Dc_T%E1%BB%B1_nhi%C3%AAn%2C_%C4%90%E1%BA%A1i_h%E1%BB%8Dc_Qu%E1%BB%91c_gia_Th%C3%A0nh_ph%E1%BB%91_H%E1%BB%93_Ch%C3%AD_Minh.svg.png,
DHP,Trường Đại học Hải Phòng,none,,,,
DHS,Trường Đại học Sư phạm - Đại học Huế,grounding,high,https://rxhcmmggzodoapyjxcug.supabase.co/storage/v1/object/public/school-logos/DHS.png,https://tuyensinh.dhsphue.edu.vn/img/logo2.png,
DKH,Trường Đại học Dược Hà Nội,grounding,high,https://rxhcmmggzodoapyjxcug.supabase.co/storage/v1/object/public/school-logos/DKH.png,https://www.hup.edu.vn/data/orgs/2/2/1/images/logo-vi.png,
DLA,Trường Đại học Kinh tế Công nghiệp Long An,grounding,high,https://rxhcmmggzodoapyjxcug.supabase.co/storage/v1/object/public/school-logos/DLA.png,https://daihoclongan.edu.vn/templates/dla122020/img/logo1.png,
DNV,Trường Đại học Nội vụ Hà Nội,grounding,high,https://rxhcmmggzodoapyjxcug.supabase.co/storage/v1/object/public/school-logos/DNV.jpg,https://tuyen-sinh.vn/wp-content/uploads/2024/11/Logo_noivu.jpg,
DPH,Trường Đại học Phạm Văn Đồng,grounding,high,https://rxhcmmggzodoapyjxcug.supabase.co/storage/v1/object/public/school-logos/DPH.jpg,https://career.gpo.vn/uploads/images/13262310/logo1809x996.jpg,
DPT,Trường Đại học Phan Thiết,grounding,high,https://rxhcmmggzodoapyjxcug.supabase.co/storage/v1/object/public/school-logos/DPT.png,https://career.gpo.vn/uploads/images/13262310/tai-xuong-9-.png,
DPX,Trường Đại học Sư phạm Thành phố Hồ Chí Minh,grounding,high,https://rxhcmmggzodoapyjxcug.supabase.co/storage/v1/object/public/school-logos/DPX.png,https://upload.wikimedia.org/wikipedia/vi/thumb/9/9e/Logo_Tr%C6%B0%E1%BB%9Dng_%C4%90%E1%BA%A1i_h%E1%BB%8Dc_S%C6%B0_ph%E1%BA%A1m_Th%C3%A0nh_ph%E1%BB%91_H%E1%BB%93_Ch%C3%AD_Minh.svg/1280px-Logo_Tr%C6%B0%E1%BB%9Dng_%C4%90%E1%BA%A1i_h%E1%BB%8Dc_S%C6%B0_ph%E1%BA%A1m_Th%C3%A0nh_ph%E1%BB%91_H%E1%BB%93_Ch%C3%AD_Minh.svg.png,
DQC,Trường Đại học Quảng Bình,grounding,high,https://rxhcmmggzodoapyjxcug.supabase.co/storage/v1/object/public/school-logos/DQC.png,https://qbu.edu.vn/wp-content/uploads/2018/08/QBU_logo-5.png,
DQL,Trường Đại học Luật Thành phố Hồ Chí Minh,grounding,high,https://rxhcmmggzodoapyjxcug.supabase.co/storage/v1/object/public/school-logos/DQL.png,http://tuyensinh.hcmulaw.edu.vn/public/site/images/logo.png,
DQN,Trường Đại học Quy Nhơn,grounding,high,https://rxhcmmggzodoapyjxcug.supabase.co/storage/v1/object/public/school-logos/DQN.png,https://www.qnu.edu.vn/Resources/assets/QNUNew/images/logo/logo_QNU_white.png,
DTH,Trường Đại học Thăng Long,grounding,high,https://rxhcmmggzodoapyjxcug.supabase.co/storage/v1/object/public/school-logos/DTH.jpg,https://upload.wikimedia.org/wikipedia/vi/thumb/a/ad/LogoTLU.jpg/250px-LogoTLU.jpg,
DUE,Trường Đại học Kinh tế - Đại học Đà Nẵng,grounding,high,https://rxhcmmggzodoapyjxcug.supabase.co/storage/v1/object/public/school-logos/DUE.jpg,https://upload.wikimedia.org/wikipedia/commons/4/49/Logo_DUE.jpg,
EDU,Trường Đại học Giáo dục - Đại học Quốc gia Hà Nội,grounding,high,https://rxhcmmggzodoapyjxcug.supabase.co/storage/v1/object/public/school-logos/EDU.png,https://upload.wikimedia.org/wikipedia/vi/thumb/d/db/Logo_Tr%C6%B0%E1%BB%9Dng_%C4%90%E1%BA%A1i_h%E1%BB%8Dc_Gi%C3%A1o_d%E1%BB%A5c.svg/250px-Logo_Tr%C6%B0%E1%BB%9Dng_%C4%90%E1%BA%A1i_h%E1%BB%8Dc_Gi%C3%A1o_d%E1%BB%A5c.svg.png,
HAU,Trường Đại học Kiến trúc Hà Nội,grounding,high,https://rxhcmmggzodoapyjxcug.supabase.co/storage/v1/object/public/school-logos/HAU.png,https://hau.edu.vn/images/logo.png,
HBT,Trường Đại học Công nghệ Sài Gòn,grounding,high,https://rxhcmmggzodoapyjxcug.supabase.co/storage/v1/object/public/school-logos/HBT.png,https://stu.edu.vn/images/logo1.png,
HHA,Trường Đại học Hàng hải Việt Nam,grounding,high,https://rxhcmmggzodoapyjxcug.supabase.co/storage/v1/object/public/school-logos/HHA.png,https://upload.wikimedia.org/wikipedia/vi/thumb/1/11/Bi%E1%BB%83u_tr%C6%B0ng_Tr%C6%B0%E1%BB%9Dng_%C4%91%E1%BA%A1i_h%E1%BB%8Dc_H%C3%A0ng_h%E1%BA%A3i_Vi%E1%BB%87t_Nam.svg/1280px-Bi%E1%BB%83u_tr%C6%B0ng_Tr%C6%B0%E1%BB%9Dng_%C4%91%E1%BA%A1i_h%E1%BB%8Dc_H%C3%A0ng_h%E1%BA%A3i_Vi%E1%BB%87t_Nam.svg.png,
HIU,Trường Đại học Quốc tế Hồng Bàng,grounding,high,https://rxhcmmggzodoapyjxcug.supabase.co/storage/v1/object/public/school-logos/HIU.png,https://hiu.vn/wp-content/uploads/2020/02/Logo-HBU-trang-300x76.png,
HMT,Trường Đại học Y tế Công cộng,grounding,high,https://rxhcmmggzodoapyjxcug.supabase.co/storage/v1/object/public/school-logos/HMT.jpg,https://huph.edu.vn/upload/images/logo/logo-huph-2.jpg,
KCN,Trường Đại học Khoa học và Công nghệ Hà Nội,grounding,high,https://rxhcmmggzodoapyjxcug.supabase.co/storage/v1/object/public/school-logos/KCN.jpg,https://usth.edu.vn/wp-content/uploads/2021/11/logo-number.jpg,
KMA,Học viện Kỹ thuật Mật mã,grounding,high,https://rxhcmmggzodoapyjxcug.supabase.co/storage/v1/object/public/school-logos/KMA.svg,https://vi.wikipedia.org/static/images/mobile/copyright/wikipedia-wordmark-en.svg,
KTC,Trường Đại học Kinh tế - Tài chính Thành phố Hồ Chí Minh,grounding,high,https://rxhcmmggzodoapyjxcug.supabase.co/storage/v1/object/public/school-logos/KTC.jpg,https://static-cdn.uef.edu.vn/s-img/logo-uef-home.jpg,
KTH,Trường Đại học Kinh tế - Đại học Huế,grounding,high,https://rxhcmmggzodoapyjxcug.supabase.co/storage/v1/object/public/school-logos/KTH.jpg,https://hce.edu.vn/HUE.jpg,
LDA,Trường Đại học Lao động - Xã hội,grounding,high,https://rxhcmmggzodoapyjxcug.supabase.co/storage/v1/object/public/school-logos/LDA.png,https://ulsa.edu.vn/wp-content/uploads/2023/06/logo-footer.png,
LHN,Trường Đại học Luật Hà Nội,grounding,high,https://rxhcmmggzodoapyjxcug.supabase.co/storage/v1/object/public/school-logos/LHN.png,https://hlu.edu.vn/Content/Site/images/logo.png,
MHN,Trường Đại học Mở Hà Nội,grounding,high,https://rxhcmmggzodoapyjxcug.supabase.co/storage/v1/object/public/school-logos/MHN.png,https://upload.wikimedia.org/wikipedia/commons/9/95/Logo_Tr%C6%B0%E1%BB%9Dng_%C4%90%E1%BA%A1i_h%E1%BB%8Dc_M%E1%BB%9F_H%C3%A0_N%E1%BB%99i.png,
MSH,Trường Đại học Mỹ thuật Thành phố Hồ Chí Minh,grounding,high,https://rxhcmmggzodoapyjxcug.supabase.co/storage/v1/object/public/school-logos/MSH.png,https://upload.wikimedia.org/wikipedia/commons/b/b6/Logohcmufa.png,
NHA,Học viện Âm nhạc Quốc gia Việt Nam,grounding,high,https://rxhcmmggzodoapyjxcug.supabase.co/storage/v1/object/public/school-logos/NHA.png,https://upload.wikimedia.org/wikipedia/vi/thumb/9/9c/Logo_H%E1%BB%8Dc_vi%E1%BB%87n_%C3%82m_nh%E1%BA%A1c_Qu%E1%BB%91c_gia_Vi%E1%BB%87t_Nam.svg/1280px-Logo_H%E1%BB%8Dc_vi%E1%BB%87n_%C3%82m_nh%E1%BA%A1c_Qu%E1%BB%91c_gia_Vi%E1%BB%87t_Nam.svg.png,
QHI,Trường Đại học Công nghệ - Đại học Quốc gia Hà Nội,grounding,high,https://rxhcmmggzodoapyjxcug.supabase.co/storage/v1/object/public/school-logos/QHI.png,https://uet-test.uet.edu.vn/wp-content/uploads/2026/01/Logo2.png,
QHQ,Trường Quốc tế - Đại học Quốc gia Hà Nội,grounding,high,https://rxhcmmggzodoapyjxcug.supabase.co/storage/v1/object/public/school-logos/QHQ.png,https://upload.wikimedia.org/wikipedia/vi/thumb/7/76/Logo_Tr%C6%B0%E1%BB%9Dng_Qu%E1%BB%91c_t%E1%BA%BF%2C_%C4%90%E1%BA%A1i_h%E1%BB%8Dc_Qu%E1%BB%91c_gia_H%C3%A0_N%E1%BB%99i.svg/250px-Logo_Tr%C6%B0%E1%BB%9Dng_Qu%E1%BB%91c_t%E1%BA%BF%2C_%C4%90%E1%BA%A1i_h%E1%BB%8Dc_Qu%E1%BB%91c_gia_H%C3%A0_N%E1%BB%99i.svg.png,
QHT,Trường Đại học Khoa học Tự nhiên - Đại học Quốc gia Hà Nội,grounding,high,https://rxhcmmggzodoapyjxcug.supabase.co/storage/v1/object/public/school-logos/QHT.png,https://upload.wikimedia.org/wikipedia/vi/thumb/8/89/Logo_Tr%C6%B0%E1%BB%9Dng_%C4%90%E1%BA%A1i_h%E1%BB%8Dc_Khoa_h%E1%BB%8Dc_T%E1%BB%B1_nhi%C3%AAn%2C_%C4%90%E1%BA%A1i_h%E1%BB%8Dc_Qu%E1%BB%91c_gia_H%C3%A0_N%E1%BB%99i.svg/1280px-Logo_Tr%C6%B0%E1%BB%9Dng_%C4%90%E1%BA%A1i_h%E1%BB%8Dc_Khoa_h%E1%BB%8Dc_T%E1%BB%B1_nhi%C3%AAn%2C_%C4%90%E1%BA%A1i_h%E1%BB%8Dc_Qu%E1%BB%91c_gia_H%C3%A0_N%E1%BB%99i.svg.png,
QSC,Trường Đại học Công nghệ Thông tin - Đại học Quốc gia Thành phố Hồ Chí Minh,none,,,,
QSK,Trường Đại học Kinh tế - Luật - Đại học Quốc gia Thành phố Hồ Chí Minh,grounding,high,https://rxhcmmggzodoapyjxcug.supabase.co/storage/v1/object/public/school-logos/QSK.png,https://upload.wikimedia.org/wikipedia/commons/8/88/Logo_Tr%C6%B0%E1%BB%9Dng_%C4%90%E1%BA%A1i_h%E1%BB%8Dc_kinh_t%E1%BA%BF_-_Lu%E1%BA%ADt_%28UEL%29%2C_%C4%90HQG-HCM%2C_220px.png,
RMIT,Trường Đại học RMIT Việt Nam,none,,,,
SGD,Trường Đại học Sài Gòn,grounding,high,https://rxhcmmggzodoapyjxcug.supabase.co/storage/v1/object/public/school-logos/SGD.svg,https://vi.wikipedia.org/static/images/mobile/copyright/wikipedia-wordmark-en.svg,
SKD,Trường Đại học Sân khấu - Điện ảnh Hà Nội,grounding,high,https://rxhcmmggzodoapyjxcug.supabase.co/storage/v1/object/public/school-logos/SKD.png,http://skda.edu.vn/wp-content/uploads/SKDA-logo-W-2-2-1.png,
TBD,Trường Đại học Thái Bình Dương,grounding,high,https://rxhcmmggzodoapyjxcug.supabase.co/storage/v1/object/public/school-logos/TBD.svg,https://tbd.edu.vn/wp-content/uploads/2025/01/logo-TBD-white-all.svg,
TBU,Trường Đại học Tây Bắc,grounding,high,https://rxhcmmggzodoapyjxcug.supabase.co/storage/v1/object/public/school-logos/TBU.png,https://chat.utb.edu.vn/images/avatar_logo.png,
TDU,Trường Đại học Tây Nguyên,grounding,high,https://rxhcmmggzodoapyjxcug.supabase.co/storage/v1/object/public/school-logos/TDU.svg,https://vi.wikipedia.org/static/images/mobile/copyright/wikipedia-wordmark-en.svg,
TKG,Trường Đại học Kiên Giang,grounding,high,https://rxhcmmggzodoapyjxcug.supabase.co/storage/v1/object/public/school-logos/TKG.png,https://www.vnkgu.edu.vn/public/images/logo.png,
TQU,Trường Đại học Tân Trào,grounding,high,https://rxhcmmggzodoapyjxcug.supabase.co/storage/v1/object/public/school-logos/TQU.svg,https://tapchigiaoduc.edu.vn/public/images/logo.svg?2,
UAH,Trường Đại học Kiến trúc Thành phố Hồ Chí Minh,grounding,high,https://rxhcmmggzodoapyjxcug.supabase.co/storage/v1/object/public/school-logos/UAH.png,https://career.gpo.vn/uploads/images/truong-hoc/uah-1-.png,
UMT,Trường Đại học Quản lý và Công nghệ Thành phố Hồ Chí Minh,grounding,high,https://rxhcmmggzodoapyjxcug.supabase.co/storage/v1/object/public/school-logos/UMT.png,https://www.umt.edu.vn/_next/image?url=%2Fassets%2Flogos%2FLogo_UMT-27.png&w=1080&q=75,
UNETI,Trường Đại học Kinh tế - Kỹ thuật Công nghiệp,grounding,high,https://rxhcmmggzodoapyjxcug.supabase.co/storage/v1/object/public/school-logos/UNETI.webp,https://uneti.edu.vn/wp-content/uploads/2025/06/Logo-nen-trang-1.webp,
VHH,Trường Đại học Văn hóa Hà Nội,grounding,high,https://rxhcmmggzodoapyjxcug.supabase.co/storage/v1/object/public/school-logos/VHH.jpg,https://upload.wikimedia.org/wikipedia/vi/2/2c/DH_Van_hoa_Ha_Noi.jpg,
VJD,Trường Đại học Việt Nhật - Đại học Quốc gia Hà Nội,grounding,high,https://rxhcmmggzodoapyjxcug.supabase.co/storage/v1/object/public/school-logos/VJD.png,https://upload.wikimedia.org/wikipedia/vi/thumb/a/a0/Logo_vju.svg/1280px-Logo_vju.svg.png,
VKA,Học viện Ngoại giao,grounding,high,https://rxhcmmggzodoapyjxcug.supabase.co/storage/v1/object/public/school-logos/VKA.png,https://static.dav.edu.vn/App_themes/images/logo-mobile.png,
VNC,Nhạc viện Thành phố Hồ Chí Minh,grounding,high,https://rxhcmmggzodoapyjxcug.supabase.co/storage/v1/object/public/school-logos/VNC.png,https://upload.wikimedia.org/wikipedia/vi/thumb/c/c4/HCMCONS_Logo.svg/1280px-HCMCONS_Logo.svg.png,
VUT,Trường Đại học Công nghệ Vạn Xuân,grounding,high,https://rxhcmmggzodoapyjxcug.supabase.co/storage/v1/object/public/school-logos/VUT.jpg,https://upload.wikimedia.org/wikipedia/vi/thumb/f/f0/Logo_VXUT_2.jpg/250px-Logo_VXUT_2.jpg,
XSH,Trường Đại học Khoa học Xã hội và Nhân văn - Đại học Quốc gia Thành phố Hồ Chí Minh,grounding,high,https://rxhcmmggzodoapyjxcug.supabase.co/storage/v1/object/public/school-logos/XSH.png,https://upload.wikimedia.org/wikipedia/vi/thumb/4/49/Logo_Tr%C6%B0%E1%BB%9Dng_%C4%90%E1%BA%A1i_h%E1%BB%8Dc_Khoa_h%E1%BB%8Dc_X%C3%A3_h%E1%BB%99i_v%C3%A0_Nh%C3%A2n_v%C4%83n%2C_%C4%90%E1%BA%A1i_h%E1%BB%8Dc_Qu%E1%BB%91c_gia_Th%C3%A0nh_ph%E1%BB%91_H%E1%BB%93_Ch%C3%AD_Minh.svg/1280px-Logo_Tr%C6%B0%E1%BB%9Dng_%C4%90%E1%BA%A1i_h%E1%BB%8Dc_Khoa_h%E1%BB%8Dc_X%C3%A3_h%E1%BB%99i_v%C3%A0_Nh%C3%A2n_v%C4%83n%2C_%C4%90%E1%BA%A1i_h%E1%BB%8Dc_Qu%E1%BB%91c_gia_Th%C3%A0nh_ph%E1%BB%91_H%E1%BB%93_Ch%C3%AD_Minh.svg.png,
YDH,Trường Đại học Y Dược - Đại học Huế,grounding,high,https://rxhcmmggzodoapyjxcug.supabase.co/storage/v1/object/public/school-logos/YDH.png,https://www.huemed-univ.edu.vn/images/logo.png,
YDS,Trường Đại học Y Dược Thành phố Hồ Chí Minh,grounding,high,https://rxhcmmggzodoapyjxcug.supabase.co/storage/v1/object/public/school-logos/YDS.png,https://upload.wikimedia.org/wikipedia/vi/thumb/6/64/Logo_%C4%90%E1%BA%A1i_h%E1%BB%8Dc_Y_D%C6%B0%E1%BB%A3c_Th%C3%A0nh_ph%E1%BB%91_H%E1%BB%93_Ch%C3%AD_Minh.svg/1280px-Logo_%C4%90%E1%BA%A1i_h%E1%BB%8Dc_Y_D%C6%B0%E1%BB%A3c_Th%C3%A0nh_ph%E1%BB%91_H%E1%BB%93_Ch%C3%AD_Minh.svg.png,
YQD,Học viện Quân y,grounding,high,https://rxhcmmggzodoapyjxcug.supabase.co/storage/v1/object/public/school-logos/YQD.png,https://vi.wikipedia.org/static/images/icons/wikipedia.png,
DBH,Trường Đại học Bách khoa - Đại học Quốc gia Thành phố Hồ Chí Minh,grounding,high,https://rxhcmmggzodoapyjxcug.supabase.co/storage/v1/object/public/school-logos/DBH.jpg,https://hcmut.edu.vn/img/logo.jpg?t=26899198,
DBS,Trường Đại học Kinh tế Thành phố Hồ Chí Minh,grounding,high,https://rxhcmmggzodoapyjxcug.supabase.co/storage/v1/object/public/school-logos/DBS.png,https://upload.wikimedia.org/wikipedia/vi/thumb/2/20/Logo_%C4%90%E1%BA%A1i_h%E1%BB%8Dc_UEH_c%C5%A9_tr%C6%B0%E1%BB%9Bc_ng%C3%A0y_27_th%C3%A1ng_10_n%C4%83m_2021.png/330px-Logo_%C4%90%E1%BA%A1i_h%E1%BB%8Dc_UEH_c%C5%A9_tr%C6%B0%E1%BB%9Bc_ng%C3%A0y_27_th%C3%A1ng_10_n%C4%83m_2021.png,
DHF,Trường Đại học Ngoại ngữ - Đại học Huế,grounding,high,https://rxhcmmggzodoapyjxcug.supabase.co/storage/v1/object/public/school-logos/DHF.png,https://upload.wikimedia.org/wikipedia/vi/thumb/5/55/Logo_Tr%C6%B0%E1%BB%9Dng_%C4%90%E1%BA%A1i_h%E1%BB%8Dc_Ngo%E1%BA%A1i_ng%E1%BB%AF%2C_%C4%90%E1%BA%A1i_h%E1%BB%8Dc_Hu%E1%BA%BF.svg/1280px-Logo_Tr%C6%B0%E1%BB%9Dng_%C4%90%E1%BA%A1i_h%E1%BB%8Dc_Ngo%E1%BA%A1i_ng%E1%BB%AF%2C_%C4%90%E1%BA%A1i_h%E1%BB%8Dc_Hu%E1%BA%BF.svg.png,
DHP,Trường Đại học Hải Phòng,grounding,high,https://rxhcmmggzodoapyjxcug.supabase.co/storage/v1/object/public/school-logos/DHP.png,https://upload.wikimedia.org/wikipedia/vi/c/c7/DHHP.png,
QSC,Trường Đại học Công nghệ Thông tin - Đại học Quốc gia Thành phố Hồ Chí Minh,grounding,high,https://rxhcmmggzodoapyjxcug.supabase.co/storage/v1/object/public/school-logos/QSC.png,https://upload.wikimedia.org/wikipedia/commons/thumb/0/00/Logo_UIT_updated.svg/1280px-Logo_UIT_updated.svg.png,
RMIT,Trường Đại học RMIT Việt Nam,grounding,high,https://rxhcmmggzodoapyjxcug.supabase.co/storage/v1/object/public/school-logos/RMIT.svg,https://vi.wikipedia.org/static/images/mobile/copyright/wikipedia-wordmark-en.svg,
DCN,Trường Đại học Công nghiệp Hà Nội,grounding,high,https://rxhcmmggzodoapyjxcug.supabase.co/storage/v1/object/public/school-logos/DCN.svg,https://www.haui.edu.vn/dnn/web/haui/assets/images/logo-ngang.svg?v=1.2,
KMA,Học viện Kỹ thuật Mật mã,grounding,high,https://rxhcmmggzodoapyjxcug.supabase.co/storage/v1/object/public/school-logos/KMA.png,https://tuyensinhhuongnghiep.vn/upload/images/2024/01/11/tshn-ico-logo.png,
RMIT,Trường Đại học RMIT Việt Nam,grounding,high,https://rxhcmmggzodoapyjxcug.supabase.co/storage/v1/object/public/school-logos/RMIT.png,https://upload.wikimedia.org/wikipedia/commons/thumb/5/51/RMIT_University_Logo.svg/1280px-RMIT_University_Logo.svg.png,
SGD,Trường Đại học Sài Gòn,grounding,high,https://rxhcmmggzodoapyjxcug.supabase.co/storage/v1/object/public/school-logos/SGD.png,https://en.sgu.edu.vn/wp-content/uploads/2016/10/logo_v-1.png,
TDU,Trường Đại học Tây Nguyên,grounding,high,https://rxhcmmggzodoapyjxcug.supabase.co/storage/v1/object/public/school-logos/TDU.png,https://www.ttn.edu.vn/images/Icon/logo.png,
YQD,Học viện Quân y,none,,,,
DAG,Trường Đại học An Giang - Đại học Quốc gia Thành phố Hồ Chí Minh,grounding,high,https://rxhcmmggzodoapyjxcug.supabase.co/storage/v1/object/public/school-logos/DAG.png,https://tuyensinh.agu.edu.vn/uploads/6748448a71b4079f5dd668d2b57875e7.png,
DCT,Trường Đại học Công nghiệp Thực phẩm Thành phố Hồ Chí Minh,grounding,high,https://rxhcmmggzodoapyjxcug.supabase.co/storage/v1/object/public/school-logos/DCT.svg,https://ts.huit.edu.vn/Images/logo-huit-ts-mau-trang-co-ma-truong.svg,
KMA,Học viện Kỹ thuật Mật mã,grounding,high,https://rxhcmmggzodoapyjxcug.supabase.co/storage/v1/object/public/school-logos/KMA.jpg,https://storage.googleapis.com/hvktmm.appspot.com/2022-07-24/5807675312963584/banner_.7m.jpeg,
YQD,Học viện Quân y,none,,,,
AOF,Học viện Tài chính,grounding,high,https://rxhcmmggzodoapyjxcug.supabase.co/storage/v1/object/public/school-logos/AOF.jpg,https://hvtc.edu.vn/Portals/0/images/9_2015/logo.jpg,
BAA,Học viện Ngân hàng,grounding,high,https://rxhcmmggzodoapyjxcug.supabase.co/storage/v1/object/public/school-logos/BAA.png,https://hvnh.edu.vn/medias/hvnh/vi/08.2025/hvnh.admin/album/BAV LOGO.png,
BCH,Học viện Báo chí và Tuyên truyền,grounding,high,https://rxhcmmggzodoapyjxcug.supabase.co/storage/v1/object/public/school-logos/BCH.jpg,https://upload.wikimedia.org/wikipedia/vi/thumb/c/cd/Logo_b%C3%A1o_ch%C3%AD.jpg/250px-Logo_b%C3%A1o_ch%C3%AD.jpg,
BPU,Trường Đại học Dầu khí Việt Nam,grounding,high,https://rxhcmmggzodoapyjxcug.supabase.co/storage/v1/object/public/school-logos/BPU.jpg,https://career.gpo.vn/uploads/images/truong-hoc/gpo-logo-dai-hoc-dau-khi.jpg,
BVS,Học viện Công nghệ Bưu chính Viễn thông (Cơ sở phía Nam),grounding,high,https://rxhcmmggzodoapyjxcug.supabase.co/storage/v1/object/public/school-logos/BVS.svg,https://ptit.edu.vn/wp-content/uploads/2024/05/logo-ptit-1.svg,
BVU,Trường Đại học Bà Rịa - Vũng Tàu,grounding,high,https://rxhcmmggzodoapyjxcug.supabase.co/storage/v1/object/public/school-logos/BVU.png,https://bvu.edu.vn/wp-content/uploads/2024/10/image/png/230727-BVU-Logo-Tagline-VIE-02.png,
DBB,Trường Đại học Công nghệ Đông Á,grounding,high,https://rxhcmmggzodoapyjxcug.supabase.co/storage/v1/object/public/school-logos/DBB.png,https://eaut.edu.vn/wp-content/uploads/2018/11/logo-1.png,
DCG,Trường Đại học Công nghệ Đồng Nai,grounding,high,https://rxhcmmggzodoapyjxcug.supabase.co/storage/v1/object/public/school-logos/DCG.jpg,https://navigates.vn/wp-content/uploads/2023/06/logo-dai-hoc-cong-nghe-dong-nai.jpg,
DDK,Trường Đại học Bách khoa - Đại học Đà Nẵng,grounding,high,https://rxhcmmggzodoapyjxcug.supabase.co/storage/v1/object/public/school-logos/DDK.png,https://upload.wikimedia.org/wikipedia/vi/thumb/7/72/Tr%C6%B0%E1%BB%9Dng_%C4%90%E1%BA%A1i_h%E1%BB%8Dc_B%C3%A1ch_khoa%2C_%C4%90%E1%BA%A1i_h%E1%BB%8Dc_%C4%90%C3%A0_N%E1%BA%B5ng.svg/1280px-Tr%C6%B0%E1%BB%9Dng_%C4%90%E1%BA%A1i_h%E1%BB%8Dc_B%C3%A1ch_khoa%2C_%C4%90%E1%BA%A1i_h%E1%BB%8Dc_%C4%90%C3%A0_N%E1%BA%B5ng.svg.png,
DGH,Trường Đại học Sư phạm Hà Nội,grounding,high,https://rxhcmmggzodoapyjxcug.supabase.co/storage/v1/object/public/school-logos/DGH.png,https://upload.wikimedia.org/wikipedia/vi/1/1e/Logo_Tr%C6%B0%E1%BB%9Dng_%C4%90%E1%BA%A1i_h%E1%BB%8Dc_S%C6%B0_ph%E1%BA%A1m_H%C3%A0_N%E1%BB%99i.png,
DHD,Trường Đại học Hải Dương,grounding,high,https://rxhcmmggzodoapyjxcug.supabase.co/storage/v1/object/public/school-logos/DHD.png,https://uhd.edu.vn/_next/image?url=https%3A%2F%2Fstorage.googleapis.com%2Fuhd-edu.appspot.com%2FCMS%252F2025-12-09_15-09-27%252FLogo.png&w=256&q=75,
DHT,Trường Đại học Hà Tĩnh,grounding,high,https://rxhcmmggzodoapyjxcug.supabase.co/storage/v1/object/public/school-logos/DHT.jpg,https://htu.edu.vn/images/LogoHTU-200.jpg,
DHV,Trường Đại học Hùng Vương,grounding,high,https://rxhcmmggzodoapyjxcug.supabase.co/storage/v1/object/public/school-logos/DHV.png,https://tuyensinh.hvu.edu.vn/assets/img/Logo.png,
DLH,Trường Đại học Lạc Hồng,grounding,high,https://rxhcmmggzodoapyjxcug.supabase.co/storage/v1/object/public/school-logos/DLH.png,https://hocphilachonglhu.lhu.edu.vn/ViewPage/LHUVNB4/_default/image/Logo_LHU_Vi_ASU.png,
DLU,Trường Đại học Đà Lạt,grounding,high,https://rxhcmmggzodoapyjxcug.supabase.co/storage/v1/object/public/school-logos/DLU.jpg,https://upload.wikimedia.org/wikipedia/vi/9/97/Logo_%C4%90%E1%BA%A1i_h%E1%BB%8Dc_%C4%90%C3%A0_L%E1%BA%A1t.jpg,
DNT,Trường Đại học Ngoại ngữ - Tin học Thành phố Hồ Chí Minh,grounding,high,https://rxhcmmggzodoapyjxcug.supabase.co/storage/v1/object/public/school-logos/DNT.jpg,https://upload.wikimedia.org/wikipedia/commons/c/c3/Huflit_university.jpg,
DNU,Trường Đại học Đồng Nai,grounding,high,https://rxhcmmggzodoapyjxcug.supabase.co/storage/v1/object/public/school-logos/DNU.png,https://dnpu.edu.vn/upload/photo/logodhdn-copy-6975.png,
DTB,Trường Đại học Thái Bình,grounding,high,https://rxhcmmggzodoapyjxcug.supabase.co/storage/v1/object/public/school-logos/DTB.png,https://upload.wikimedia.org/wikipedia/commons/thumb/4/47/TBUMPlogo.png/250px-TBUMPlogo.png,
DTC,Trường Đại học Tây Đô,grounding,high,https://rxhcmmggzodoapyjxcug.supabase.co/storage/v1/object/public/school-logos/DTC.png,https://tdu.edu.vn/manifests/apple-touch-icon.png,
DTF,Trường Ngoại ngữ - Đại học Thái Nguyên,grounding,high,https://rxhcmmggzodoapyjxcug.supabase.co/storage/v1/object/public/school-logos/DTF.png,https://sfl.tnu.edu.vn/wp-content/uploads/2022/04/sfl-logo-2.png,
DYV,Trường Đại học Y khoa Phạm Ngọc Thạch,grounding,high,https://rxhcmmggzodoapyjxcug.supabase.co/storage/v1/object/public/school-logos/DYV.png,https://upload.wikimedia.org/wikipedia/commons/thumb/a/a8/YPhamNgocThach.png/1280px-YPhamNgocThach.png,
GDU,Trường Đại học Gia Định,grounding,high,https://rxhcmmggzodoapyjxcug.supabase.co/storage/v1/object/public/school-logos/GDU.jpg,https://upload.wikimedia.org/wikipedia/commons/f/fa/LogoGDU.jpg,
GTA,Trường Đại học Giao thông Vận tải,grounding,high,https://rxhcmmggzodoapyjxcug.supabase.co/storage/v1/object/public/school-logos/GTA.png,https://www.utc.edu.vn/assets/utc/images/logo.png,
HCS,Học viện Hành chính Quốc gia (Cơ sở phía Nam),grounding,high,https://rxhcmmggzodoapyjxcug.supabase.co/storage/v1/object/public/school-logos/HCS.png,https://apaghcm.edu.vn/public/thumbs/450x70x2/100_logo-phan-vien-foooter-ppLl0oYl9I.png,
HCV,Học viện Hành chính Quốc gia,grounding,high,https://rxhcmmggzodoapyjxcug.supabase.co/storage/v1/object/public/school-logos/HCV.png,https://upload.wikimedia.org/wikipedia/commons/thumb/9/93/Logo_H%E1%BB%8Dc_vi%E1%BB%87n_H%C3%A0nh_ch%C3%ADnh_v%C3%A0_Qu%E1%BA%A3n_tr%E1%BB%8B_c%C3%B4ng.png/250px-Logo_H%E1%BB%8Dc_vi%E1%BB%87n_H%C3%A0nh_ch%C3%ADnh_v%C3%A0_Qu%E1%BA%A3n_tr%E1%BB%8B_c%C3%B4ng.png,
HLU,Trường Đại học Hạ Long,grounding,high,https://rxhcmmggzodoapyjxcug.supabase.co/storage/v1/object/public/school-logos/HLU.png,https://sv.uhl.edu.vn/FileManager/img/abc.png,
HUTECH,Trường Đại học Công nghệ Thành phố Hồ Chí Minh,grounding,high,https://rxhcmmggzodoapyjxcug.supabase.co/storage/v1/object/public/school-logos/HUTECH.png,https://upload.wikimedia.org/wikipedia/vi/8/81/Logo_Tr%C6%B0%E1%BB%9Dng_%C4%90%E1%BA%A1i_h%E1%BB%8Dc_C%C3%B4ng_ngh%E1%BB%87_Th%C3%A0nh_ph%E1%BB%91_H%E1%BB%93_Ch%C3%AD_Minh.png,
HVC,Học viện Cán bộ Thành phố Hồ Chí Minh,grounding,high,https://rxhcmmggzodoapyjxcug.supabase.co/storage/v1/object/public/school-logos/HVC.jpg,https://upload.wikimedia.org/wikipedia/vi/c/c1/Logo_h%E1%BB%8Dc_vi%E1%BB%87n_C%C3%A1n_b%E1%BB%99.jpg,
HVN,Học viện Nông nghiệp Việt Nam,favicon,low,https://rxhcmmggzodoapyjxcug.supabase.co/storage/v1/object/public/school-logos/HVN.png,https://www.google.com/s2/favicons?domain=vnua.edu.vn&sz=128,
MDA,Trường Đại học Mỏ - Địa chất,grounding,high,https://rxhcmmggzodoapyjxcug.supabase.co/storage/v1/object/public/school-logos/MDA.jpg,https://vnur.vn/wp-content/uploads/2023/01/22.Mo-Dia-chat.jpg,
MHT,Trường Đại học Mỹ thuật Việt Nam,grounding,high,https://rxhcmmggzodoapyjxcug.supabase.co/storage/v1/object/public/school-logos/MHT.jpg,http://mythuatvietnam.edu.vn/uploaded/logo/share.jpg,
NHS,Trường Đại học Ngân hàng Thành phố Hồ Chí Minh,grounding,high,https://rxhcmmggzodoapyjxcug.supabase.co/storage/v1/object/public/school-logos/NHS.png,https://hub.edu.vn/static/hub_v2/img/Logo-CEA-SAIGON.png,
NSP,Trường Đại học Sư phạm Nghệ thuật Trung ương,grounding,high,https://rxhcmmggzodoapyjxcug.supabase.co/storage/v1/object/public/school-logos/NSP.jpg,https://spnttw.edu.vn/wp-content/themes/main/assets/images/logotruong.jpg,
NTT,Trường Đại học Nguyễn Tất Thành,grounding,high,https://rxhcmmggzodoapyjxcug.supabase.co/storage/v1/object/public/school-logos/NTT.png,https://tuyensinh.ntt.edu.vn/template/images/logo-fix.png,
QHE,Trường Đại học Kinh tế - Đại học Quốc gia Hà Nội,grounding,high,https://rxhcmmggzodoapyjxcug.supabase.co/storage/v1/object/public/school-logos/QHE.png,https://upload.wikimedia.org/wikipedia/vi/thumb/7/7d/Logo_DHKT200x200.svg/1280px-Logo_DHKT200x200.svg.png,
QHF,Trường Đại học Ngoại ngữ - Đại học Quốc gia Hà Nội,grounding,high,https://rxhcmmggzodoapyjxcug.supabase.co/storage/v1/object/public/school-logos/QHF.png,https://upload.wikimedia.org/wikipedia/vi/thumb/8/8f/Logo_Tr%C6%B0%E1%BB%9Dng_%C4%91%E1%BA%A1i_h%E1%BB%8Dc_ngo%E1%BA%A1i_ng%E1%BB%AF%2C_%C4%90HQGHN.svg/1280px-Logo_Tr%C6%B0%E1%BB%9Dng_%C4%91%E1%BA%A1i_h%E1%BB%8Dc_ngo%E1%BA%A1i_ng%E1%BB%AF%2C_%C4%90HQGHN.svg.png,
QHL,Trường Đại học Luật - Đại học Quốc gia Hà Nội,grounding,high,https://rxhcmmggzodoapyjxcug.supabase.co/storage/v1/object/public/school-logos/QHL.png,https://upload.wikimedia.org/wikipedia/vi/thumb/f/f2/Logo_Tr%C6%B0%E1%BB%9Dng_%C4%90%E1%BA%A1i_h%E1%BB%8Dc_Lu%E1%BA%ADt%2C_%C4%90%E1%BA%A1i_h%E1%BB%8Dc_Qu%E1%BB%91c_gia_H%C3%A0_N%E1%BB%99i.svg/1280px-Logo_Tr%C6%B0%E1%BB%9Dng_%C4%90%E1%BA%A1i_h%E1%BB%8Dc_Lu%E1%BA%ADt%2C_%C4%90%E1%BA%A1i_h%E1%BB%8Dc_Qu%E1%BB%91c_gia_H%C3%A0_N%E1%BB%99i.svg.png,
QSQ,Trường Đại học Quốc tế - Đại học Quốc gia Thành phố Hồ Chí Minh,grounding,high,https://rxhcmmggzodoapyjxcug.supabase.co/storage/v1/object/public/school-logos/QSQ.png,https://hcmiu.edu.vn/wp-content/uploads/2025/01/Logo-ASIIN.png,
QSY,Học viện Khoa học Sức khỏe - Đại học Quốc gia Thành phố Hồ Chí Minh,grounding,high,https://rxhcmmggzodoapyjxcug.supabase.co/storage/v1/object/public/school-logos/QSY.png,https://upload.wikimedia.org/wikipedia/commons/thumb/b/b9/UHS-Logo_doc.svg/1280px-UHS-Logo_doc.svg.png,
SDU,Trường Đại học Sao Đỏ,grounding,high,https://rxhcmmggzodoapyjxcug.supabase.co/storage/v1/object/public/school-logos/SDU.png,https://upload.wikimedia.org/wikipedia/vi/4/49/Logo_dhsaodo_moi.PNG,
TDM,Trường Đại học Thủ Dầu Một,grounding,high,https://rxhcmmggzodoapyjxcug.supabase.co/storage/v1/object/public/school-logos/TDM.png,https://tdmu.edu.vn/img/brand/Logo_tdmu_2024_seo_v2.png,
THU,Trường Đại học Thành Đô,grounding,high,https://rxhcmmggzodoapyjxcug.supabase.co/storage/v1/object/public/school-logos/THU.jpg,https://thanhdo.edu.vn/wp-content/uploads/2022/08/thanhdo-metashare.jpg,
TLA,Trường Đại học Thủy lợi,grounding,high,https://rxhcmmggzodoapyjxcug.supabase.co/storage/v1/object/public/school-logos/TLA.webp,https://tlu.edu.vn/wp-content/uploads/2025/08/Logo-Truong-Dai-hoc-Thuy-loi-am-ban.webp,
TMA,Trường Đại học Thương mại,grounding,high,https://rxhcmmggzodoapyjxcug.supabase.co/storage/v1/object/public/school-logos/TMA.jpg,https://upload.wikimedia.org/wikipedia/vi/2/2a/Logo_%C4%90%E1%BA%A1i_h%E1%BB%8Dc_Th%C6%B0%C6%A1ng_m%E1%BA%A1i.jpg,
TTU,Trường Đại học Tân Tạo,grounding,high,https://rxhcmmggzodoapyjxcug.supabase.co/storage/v1/object/public/school-logos/TTU.png,https://ttu.edu.vn/wp-content/uploads/2017/09/logo-ttuVN123.png,
VCO,Trường Đại học Công nghệ và Quản lý Hữu Nghị,grounding,high,https://rxhcmmggzodoapyjxcug.supabase.co/storage/v1/object/public/school-logos/VCO.png,https://news.utm.edu.vn/apt-upload/image/template/aptech/logo-100x100new5.png,
VGU,Trường Đại học Việt Đức,grounding,high,https://rxhcmmggzodoapyjxcug.supabase.co/storage/v1/object/public/school-logos/VGU.png,https://upload.wikimedia.org/wikipedia/commons/thumb/9/96/VGU-Logo.png/250px-VGU-Logo.png,
VHS,Trường Đại học Văn hóa Thành phố Hồ Chí Minh,grounding,high,https://rxhcmmggzodoapyjxcug.supabase.co/storage/v1/object/public/school-logos/VHS.png,https://www.hcmuc.edu.vn/img_data/images/LOGO/logo-hcmuc-470-70.png,
VUP,Trường Đại học Sư phạm Kỹ thuật Vĩnh Long,grounding,high,https://rxhcmmggzodoapyjxcug.supabase.co/storage/v1/object/public/school-logos/VUP.png,https://upload.wikimedia.org/wikipedia/vi/thumb/d/d0/Logo_Tr%C6%B0%E1%BB%9Dng_%C4%90%E1%BA%A1i_h%E1%BB%8Dc_S%C6%B0_ph%E1%BA%A1m_K%E1%BB%B9_thu%E1%BA%ADt_V%C4%A9nh_Long.svg/1280px-Logo_Tr%C6%B0%E1%BB%9Dng_%C4%90%E1%BA%A1i_h%E1%BB%8Dc_S%C6%B0_ph%E1%BA%A1m_K%E1%BB%B9_thu%E1%BA%ADt_V%C4%A9nh_Long.svg.png,
XDA,Trường Đại học Xây dựng Hà Nội,grounding,high,https://rxhcmmggzodoapyjxcug.supabase.co/storage/v1/object/public/school-logos/XDA.png,https://upload.wikimedia.org/wikipedia/commons/thumb/4/4b/LOGO_DHXD.png/1280px-LOGO_DHXD.png,
YCT,Trường Đại học Y Dược Cần Thơ,grounding,high,,https://upload.wikimedia.org/wikipedia/commons/thumb/6/6e/Logo_%C4%90%E1%BA%A1i_h%E1%BB%8Dc_Y_D%C6%B0%E1%BB%A3c_C%E1%BA%A7n_Th%C6%A1.gif/1280px-Logo_%C4%90%E1%BA%A1i_h%E1%BB%8Dc_Y_D%C6%B0%E1%BB%A3c_C%E1%BA%A7n_Th%C6%A1.gif,
YDN,Trường Đại học Kỹ thuật Y Dược Đà Nẵng,grounding,high,https://rxhcmmggzodoapyjxcug.supabase.co/storage/v1/object/public/school-logos/YDN.jpg,https://qltuyensinh.dhktyduocdn.edu.vn/FileManager/AnhTinTuc/133922648850497704_Logo Truong Dai hoc Ky Thuat Y - Duoc Da Nang.JPG,
YHB,Trường Đại học Y Hà Nội,grounding,high,https://rxhcmmggzodoapyjxcug.supabase.co/storage/v1/object/public/school-logos/YHB.png,https://hmu.edu.vn/assets/img/Logoo.png,
YHP,Trường Đại học Y Dược Hải Phòng,grounding,high,https://rxhcmmggzodoapyjxcug.supabase.co/storage/v1/object/public/school-logos/YHP.png,https://diemthi.tuyensinh247.com/images/logo.png,
YKV,Trường Đại học Y khoa Vinh,grounding,high,https://rxhcmmggzodoapyjxcug.supabase.co/storage/v1/object/public/school-logos/YKV.png,https://x.onednn.com/img.thumb/png-600x0-0-74/cdn/vmu/logo-vmu.png,
YCT,Trường Đại học Y Dược Cần Thơ,grounding,high,https://rxhcmmggzodoapyjxcug.supabase.co/storage/v1/object/public/school-logos/YCT.png,https://media.ctump.edu.vn/Media\1_TH1076\FolderFunc\202403\Images/logo-ctump-headee-20240325094834-e.png,
